{
  "locations": [
    {
      "title": "Birkingham Elementary School",
      "address": "1844 East Stonewall St, Los Angeles, CA",
      "phone": "315-398-3888",
      "tags": "Elementary school e",
      "id": 1
    },
    {
      "title": "Birkingham Elementary School",
      "address": "1844 East Stonewall St, Los Angeles, CA",
      "phone": "555 62-82-66",
      "tags": "Elementary school",
      "id": 2
    },
    {
      "title": "Davis Elementary School",
      "address": "1844 East Stonewall St, Los Angeles, CA",
      "phone": "555 62-82-66",
      "id": 3,
      "tags": "High school"
    },
    {
      "title": "Franklin Elementary School",
      "address": "1844 East Stonewall St, Los Angeles, CA",
      "phone": "123-456-7890",
      "tags": "High school",
      "id": 4
    },
    {
      "title": "old Location",
      "address": "1844 East Stonewall St, Los Angeles, CA",
      "phone": "523-333-2266",
      "tags": "school",
      "id": 5
    },
    {
      "title": "Parker Elementary School",
      "address": "1844 East Stonewall St, Los Angeles, CA",
      "phone": "123-345-2897",
      "tags": "Elementary school",
      "id": 6
    },
    {
      "title": "testName",
      "address": "123 N michigan Ave",
      "phone": "123-456-7890",
      "tags": "school",
      "id": 7
    },
    {
      "title": "high school",
      "address": "123 colorado blvd",
      "phone": "123-456-7890",
      "tags": "school",
      "id": 8
    },
    {
      "title": "colorado high school",
      "address": "123 N michigan Ave",
      "phone": "235-123-3435",
      "tags": "high school",
      "id": 9
    },
    {
      "title": "eagle school",
      "address": "345 glendale blvd",
      "phone": "123-456-789",
      "tags": "school",
      "id": 10
    },
    {
      "title": "glendale highschool",
      "address": "123 pacific",
      "phone": "332-134-3415",
      "tags": "school",
      "id": 11
    },
    {
      "title": "glendale elementary school",
      "address": "234 colorado bvd",
      "phone": "123-342-3423",
      "tags": "school",
      "id": 12
    },
    {
      "title": "south pasadena school",
      "address": "123 N michigan st",
      "phone": "123-456-7889",
      "tags": "school",
      "id": 13
    },
    {
      "title": "beverly hills high",
      "address": "134 beverlyhills 90023",
      "phone": "245-231-3523",
      "tags": "school",
      "id": 14
    },
    {
      "title": "new high school",
      "address": "123 beverly street",
      "phone": "1234589435",
      "tags": "high school",
      "id": 15
    }
  ]
}